{"cameraMode":{"drawMode":0,"name":"Shaded","section":"Shading Mode"},"sceneLighting":true,"audioPlay":false,"sceneViewState":{"m_AlwaysRefresh":false,"showFog":true,"showSkybox":true,"showFlares":true,"showImageEffects":true,"showParticleSystems":true,"showVisualEffectGraphs":true,"m_FxEnabled":true},"in2DMode":false,"pivot":{"x":-14.466215133666993,"y":0.6483563780784607,"z":-14.91860294342041},"rotation":{"x":0.17244048416614533,"y":-0.4942242205142975,"z":0.10067834705114365,"w":0.8462504744529724},"size":0.7576960921287537,"orthographic":false}