{"cameraMode":{"drawMode":0,"name":"Shaded","section":"Shading Mode"},"sceneLighting":false,"audioPlay":false,"sceneViewState":{"m_AlwaysRefresh":false,"showFog":true,"showSkybox":false,"showFlares":true,"showImageEffects":true,"showParticleSystems":true,"showVisualEffectGraphs":true,"m_FxEnabled":true},"in2DMode":false,"pivot":{"x":16.39249610900879,"y":0.6350786089897156,"z":24.051591873168947},"rotation":{"x":-0.0023148164618760349,"y":-0.9923965334892273,"z":-0.12161616235971451,"w":0.018901778385043145},"size":0.19603218138217927,"orthographic":false}