{"cameraMode":{"drawMode":0,"name":"Shaded","section":"Shading Mode"},"sceneLighting":false,"audioPlay":false,"sceneViewState":{"m_AlwaysRefresh":false,"showFog":true,"showSkybox":false,"showFlares":true,"showImageEffects":true,"showParticleSystems":true,"showVisualEffectGraphs":true,"m_FxEnabled":true},"in2DMode":false,"pivot":{"x":0.004212319850921631,"y":-0.13602736592292787,"z":-0.28622376918792727},"rotation":{"x":0.013855922035872937,"y":0.9816445708274841,"z":-0.07851185649633408,"w":0.17329464852809907},"size":0.80565345287323,"orthographic":false}